house,gt_cycles,pred_cycles,gt_hot_pct,pred_hot_pct,gt_med_dur,pred_med_dur,gt_total_kwh,pred_total_kwh,gt_saving_kwh,pred_saving_kwh,gt_profile,pred_profile,profile_match
1,397,176,0.8967,0.3239,33.0,34.0,126.44,45.093,91.78,18.692,light_hot,eco_mixed,False
2,322,453,1.0,0.5784,96.0,57.0,195.12,161.123,146.34,96.476,heavy_hot,light_hot,False
3,618,831,0.9191,0.6763,65.0,61.0,329.03,357.998,237.79,231.176,heavy_hot,light_hot,False
4,59,83,0.9661,0.5542,53.0,28.0,49.45,26.418,37.01,14.121,heavy_hot,light_hot,False
5,628,512,0.9299,0.5254,43.0,69.0,235.52,173.665,166.54,98.954,light_hot,light_hot,True
6,120,124,0.9417,0.621,129.0,73.5,77.39,49.707,57.44,30.866,heavy_hot,light_hot,False
7,869,979,0.9781,0.6731,60.0,62.0,468.78,403.703,348.92,261.388,heavy_hot,light_hot,False
8,358,501,0.9972,0.7246,61.0,47.0,341.64,226.476,256.08,150.083,heavy_hot,light_hot,False
9,244,528,0.9959,0.608,74.0,59.0,171.63,208.357,128.64,129.951,heavy_hot,light_hot,False
10,572,873,0.9843,0.7434,120.0,88.0,388.84,402.461,290.02,271.585,heavy_hot,heavy_hot,True
11,79,34,0.519,0.4706,94.0,69.5,37.0,10.855,21.46,5.745,light_hot,light_hot,True
13,453,425,0.9514,0.6565,68.0,61.0,195.54,174.952,145.62,110.635,heavy_hot,light_hot,False
15,247,161,0.9393,0.8323,91.0,93.0,192.38,107.254,143.39,76.703,heavy_hot,heavy_hot,True
16,319,420,0.9875,0.55,73.0,63.0,196.92,147.818,147.53,84.05,heavy_hot,light_hot,False
17,280,293,0.9,0.4369,59.0,48.0,103.02,83.83,74.14,40.507,light_hot,light_hot,True
18,139,210,0.9928,0.5,48.0,54.0,47.47,60.786,35.56,31.851,light_hot,light_hot,True
19,237,176,0.3544,0.3125,102.0,98.0,59.21,44.892,19.83,14.609,eco_mixed,eco_mixed,True
20,199,196,0.9849,0.3878,73.0,49.0,79.87,50.77,59.61,25.676,light_hot,eco_mixed,False
21,229,435,0.6987,0.3908,86.0,34.0,115.0,121.279,75.02,58.73,light_hot,eco_mixed,False
